作品名,アニメ情報,現在部数,なろうランク,出版社,ステータス,メモ
異世界魔王と召喚少女の奴隷魔術,2期放送済,"3,100,000",,講談社ラノベ文庫,契約済,
デスマーチからはじまる異世界狂想曲,1期放送済,"7,500,000",10,KADOKAWA,契約済,
異世界迷宮でハーレムを,1期放送済,"5,600,000",33,富士見ファンタジア文庫,契約済,
異世界のんびり農家,1期決定（2023年1月）,"4,100,000",13,エンターブレイン,OK,
転生したら剣でした,1期放送中,"3,500,000",62,マイクロマガジン社,契約済,
セキレイ,,"3,400,000",,スクウェア・エニックス,NG,
LV999の村人,未定,"3,300,000",105,KADOKAWA,OK,
スライム倒して300年、知らないうちにレベルMAXになってました,2期決定(放送日未定),"3,000,000",,GAノベル,契約済,
信じていた仲間達にダンジョン奥地で殺されかけたがギフト『無限ガチャ』でレベル９９９９の仲間達を手に入れて元パーティーメンバーと世界に復讐＆『ざまぁ！』します！,2025年10月,"2,600,000",43,ヒーロー文庫,OK,
望まぬ不死の冒険者,1期24年1月→2期27年,"2,800,000",44,オーバーラップ文庫,OK,
とあるおっさんのVRMMO活動記,24年1期予定,"1,800,000",,アルファポリス,OK,
Re:Monster,未定,"1,700,000",,アルファポリス,OK,
野生のラスボスが現れた！,アニメ化決定,"1,300,000",,アース・スターノベル,OK,
終末なにしてますか？　忙しいですか？　救ってもらっていいですか？,1期放送済,"1,250,000",,角川スニーカー文庫,OK,
ヘルモード　～やり込み好きのゲーマーは廃設定の異世界で無双する～,未定,"1,000,000",6,アース・スターノベル,OK,
さようなら竜生、こんにちは人生,2024年10月,"1,000,000",,アース・スターノベル,OK,
転生王女と天才令嬢の魔法革命,1期決定(2023年1月),"1,000,000",,ファンタジア文庫,OK,
ループ7回目の悪役令嬢は、元敵国で自由気ままな花嫁生活を満喫する,23年10月1期,"1,000,000",16,ビーズログ文庫,,
聖剣学院の魔剣使い,1期決定（放送日未定）,"500,000",,,契約済,
俺は全てを【パリイ】する　〜逆勘違いの世界最強は冒険者になりたい〜,1期24年7月,,38,,OK,
クレヨンしんちゃん,1113話,"54,000,000",,双葉社,契約済,
緋弾のアリア,2期放送済,"9,000,000",,MF文庫J,NG,他社で作成
ここは俺に任せて先に行けと言ってから10年がたったら伝説になっていた。,1期26年,"3,400,000",90,アース・スターノベル,OK,
BAMBOO BLADE,,"3,300,000",,スクウェア・エニックス,保留,
薬屋のひとりごと,未定,"38,000,000",17,スクウェア・エニックス,契約済,
とある魔術の禁書目録,3期,"18,000,000",,アスキー・メディアワークス,保留,金次第
ToLOVEる,2期放送済,"16,000,000",,集英社,保留,金次第
ケロロ軍曹,7期放送済,"14,000,000",,角川書店,保留,金次第
終末のワルキューレ,2期決定(2023年),"10,000,000",,秋田書店,保留,金次第
デート・ア・ライブ,3期決定(2023年放送日未定),"6,000,000",,富士見ファンタジア文庫,保留,金次第
失格紋の最強賢者　～世界最強の賢者が更に強くなるために転生しました～,1期放送済,"5,000,000",,GA文庫,保留,金次第
狼と香辛料,2期放送済,"5,000,000",,電撃文庫,保留,金次第
転生したら第七王子だったので、気ままに魔術を極めます,アニメ2期,"5,000,000",181,MF文庫J,保留,金次第
アクセル・ワールド,1期放送済,"4,800,000",,アスキー・メディアワークス,保留,金次第
神達に拾われた男,2期決定(2023年1月),"4,500,000",15,HJノベルス,保留,金次第
伝説の勇者の伝説,1期放送済,"4,300,000",,富士見ファンタジア文庫,保留,金次第
異世界チート魔術師,1期放送済,"3,600,000",279,KADOKAWA,保留,金次第
はたらく魔王さま！,2期決定(2023年),"3,500,000",,アスキー・メディアワークス,保留,金次第
Knight's & Magic,1期放送済,"3,400,000",48,ヒーロー文庫,保留,金次第
ナイツ＆マジック,1期放送済,"3,400,000",,ヒーロー文庫,保留,金次第
デルフィニア戦記,未定,"3,350,000",,C★NOVELSファンタジア,保留,金次第
聖女の魔力は万能です,2期決定(2023年放送日未定),"3,300,000",8,カドカワBOOKS,保留,金次第
治癒魔法の間違った使い方～戦場を駆ける回復要員～,1期決定(放送日未定),3200000,175,オーバーラップ文庫,保留,金次第
たとえばラストダンジョン前の村の少年が序盤の街で暮らすような物語,1期放送済,"3,000,000",,GA文庫,保留,金次第
真の仲間じゃないと勇者のパーティーを追い出されたので、辺境でスローライフすることにしました,1期放送済,"3,000,000",70,KADOKAWA,保留,金次第
転生貴族の異世界冒険録～自重を知らない神々の使徒～,1期決定（2023年）,"3,000,000",27,一二三書房,保留,金次第
乙女ゲー世界はモブに厳しい世界です,1期放送済,"3,000,000",28,オーバーラップ文庫,保留,金次第
魔導具師ダリヤはうつむかない,未定,"3,000,000",9,KADOKAWA,保留,金次第
現実主義勇者の王国再建記,2期放送済,"2,800,000",,MF文庫J,保留,金次第
痛いのは嫌なので防御力に極振りしたいと思います。,2期決定（2023年1月）,"2,700,000",66,オーバーラップ文庫,保留,金次第
よくわからないけれど異世界に転生していたようです,未定,"2,600,000",270,富士見ファンタジア文庫,保留,金次第
賢者の弟子を名乗る賢者,1期放送済,"2,500,000",73,HJノベルス,保留,金次第
ダンジョンに出会いを求めるのは間違っているだろうか,4期放送済,"17,000,000",,スクウェア・エニックス,保留,やりすぎ
ゴールデンカムイ,4期放送中,"21,000,000",,集英社,保留,内容次第
涼宮ハルヒシリーズ,2期放送済,"20,000,000",,角川書店,保留,内容次第
ソウルイーター完全版,未定,"19,000,000",,スクウェア・エニックス,保留,版権元体制問題
天は赤い河のほとり,未定,"19,000,000",,小学館,保留,世界観不一致
蒼天航路,1期放送済,"18,000,000",,講談社,保留,世界観不一致
HAPPY! ,未定,"18,000,000",,小学館,保留,世界観不一致
CAT'S EYE,2期放送済,"18,000,000",,集英社,保留,世界観不一致
Get Backers 奪還屋,1期放送済,"18,000,000",,講談社,保留,世界観不一致
エア・ギア,1期放送済,"18,000,000",,講談社,保留,世界観不一致
花の慶次 -雲のかなたに-,未定,"18,000,000",,集英社,保留,世界観不一致
あさきゆめみし,未定,"18,000,000",,講談社,保留,世界観不一致
かぐや様は告らせたい 〜天才たちの恋愛頭脳戦〜,3期放送済,"17,500,000",,集英社,保留,世界観不一致
よつばと!,未定,"17,300,000",,アスキー・メディアワークス,保留,世界観不一致
赤ちゃんと僕,1期放送済,"17,200,000",,小学館,保留,世界観不一致
湾岸MIDNIGHT,1期放送済,"17,000,000",,講談社,保留,世界観不一致
MASTERキートン,1期放送済,"17,000,000",,小学館,保留,世界観不一致
青の祓魔師,1期放送済,"17,000,000",,集英社,保留,世界観不一致
花ざかりの君たちへ,未定,"17,000,000",,白泉社,保留,世界観不一致
ブラックジャックによろしく,1期放送済,"17,000,000",,講談社,保留,世界観不一致
銀の匙SilverSpoon,2期放送済,"17,000,000",,小学館,保留,世界観不一致
龍狼伝,未定,"17,000,000",,講談社,保留,世界観不一致
風の谷のナウシカ,1期放送済,"17,000,000",,徳間書店,保留,世界観不一致
ザ・ファブル,未定,"17,000,000",,講談社,保留,世界観不一致
聖☆おにいさん,1期放送済,"16,000,000",,講談社,保留,世界観不一致
総務部総務課 山口六平太,未定,"16,000,000",,小学館,保留,世界観不一致
夏目友人帳,6期放送済,"16,000,000",,白泉社,保留,世界観不一致
五等分の花嫁,2期放送済,"16,000,000",,講談社,保留,世界観不一致
ミステリと言う勿れ,未定,"16,000,000",,小学館,保留,世界観不一致
バクマン。,3期放送済,"15,000,000",,集英社,保留,世界観不一致
ジパング,1期放送済,"15,000,000",,講談社,保留,世界観不一致
蒼天の拳,2期放送済,"15,000,000",,集英社,保留,世界観不一致
BECK,1期放送済,"15,000,000",,講談社,保留,世界観不一致
お〜い!竜馬,1期放送済,"15,000,000",,小学館,保留,世界観不一致
リアル,未定,"15,000,000",,集英社,保留,世界観不一致
結界師 完全版,1期放送済,"15,000,000",,小学館,保留,世界観不一致
からくりサーカス,1期放送済,"15,000,000",,小学館,保留,世界観不一致
おおきく振りかぶって,2期放送済,"15,000,000",,講談社,保留,世界観不一致
GIANT KILLING,1期放送済,"15,000,000",,講談社,保留,世界観不一致
ARMS,1期放送済,"15,000,000",,小学館,保留,世界観不一致
ROUGH,未定,"15,000,000",,小学館,保留,世界観不一致
鬼灯の冷徹,2期放送済,"15,000,000",,講談社,保留,世界観不一致
BASARA,1期放送済,"15,000,000",,小学館,保留,世界観不一致
神の雫,未定,"15,000,000",,講談社,保留,世界観不一致
アオアシ,1期放送済,"15,000,000",,小学館,保留,世界観不一致
SAMURAI DEEPER KYO,1期放送済,"14,500,000",,講談社,保留,世界観不一致
ブギーポップシリーズ,1期放送済,"4,720,000",,メディアワークス,保留,世界観不一致
理想のヒモ生活,未定,"4,700,000",146,主婦と生活社,保留,世界観不一致
ロクでなし魔術講師と禁忌教典,1期放送済,"4,500,000",,KADOKAWA,保留,世界観不一致
誰かこの状況を説明してください！,未定,"4,500,000",117,アルファポリス,保留,世界観不一致
虚構推理,2期放送済,"4,000,000",,講談社,保留,世界観不一致
わたしの幸せな結婚,1期決定(放送日未定),"4,000,000",,富士見L文庫,保留,世界観不一致
ジャングルはいつもハレのちグゥ,,"3,900,000",,エニックス,保留,世界観不一致
君と僕。,,"3,800,000",,スクウェア・エニックス,保留,世界観不一致
ながされて藍蘭島,,"3,700,000",,スクウェア・エニックス,保留,世界観不一致
これはゾンビですか？,2期放送済,"3,700,000",,富士見ファンタジア文庫,保留,世界観不一致
冴えない彼女の育てかた,2期放送済,"3,500,000",,富士見ファンタジア文庫,保留,世界観不一致
“文学少女”シリーズ,未定,"3,500,000",,エンターブレイン,保留,世界観不一致
君の名は。,未定,"3,400,000",,KADOKAWA,保留,世界観不一致
告白予行練習,未定,"3,000,000",,角川ビーンズ文庫,保留,世界観不一致
カラダ探し,1期放送済,"3,000,000",,集英社,保留,世界観不一致
君の膵臓をたべたい,1期放送済,"3,000,000",,双葉社,保留,世界観不一致
問題児シリーズ,1期放送済,"3,000,000",,角川スニーカー文庫,保留,世界観不一致
ひげを剃る。そして女子高生を拾う。,1期放送済,"3,000,000",,KADOKAWA,,世界観不一致
没落予定の貴族だけど、暇だったから魔法を極めてみた,1期25年1月,"750,000",46,,OK,テレ東制作可能
俺は星間国家の悪徳領主！,2024年,750000,22,,OK,グリーで
無職転生～異世界行ったら本気だす～,2期決定(2023年放送予定),"14,850,000",2,講談社,保留,RS高い
ドラえもん,1814話,"100,000,000",,小学館,契約済,
魔法先生ネギま!,3期放送済,"26,000,000",,講談社,契約済,
弱虫ペダル,5期放送中,"25,000,000",,秋田書店,契約済,
銀河英雄伝説,12期放送済,"15,000,000",,徳間書店,契約済,
魔法陣グルグル,3期放送済,"14,000,000",,エニックス,契約済,
ゴブリンスレイヤー,2期放送中,"10,000,000",,スクウェア・エニックス,契約済,
月が導く異世界道中,2期決定(放送日未定),"3,600,000",,アルファポリス,契約済,
異世界でチート能力を手にした俺は、現実世界をも無双する　～レベルアップは人生を変えた～,1期決定(放送日未定),"3,300,000",,富士見ファンタジア文庫,契約済,
ストライク・ザ・ブラッド,5期放送済,"3,200,000",,アスキー・メディアワークス,契約済,
異世界はスマートフォンとともに。,2期決定（2023年春）,"3,000,000",100,HJノベルス,契約済,
骸骨騎士様、只今異世界へお出掛け中,2期決定,"2,900,000",122,オーバーラップ文庫,契約済,
精霊幻想記,2期決定(放送日未定),"2,700,000",,富士見ファンタジア文庫,契約済,
THE NEW GATE,24年4月1期,"2,700,000",,アルファポリス,契約済,
八男って、それはないでしょう！,1期放送済,"2,500,000",14,MF文庫J,契約済,
Lv2からチートだった元勇者候補のまったり異世界ライフ,1期24年4月,"2,500,000",,オーバーラップ文庫,契約済,
魔王様、リトライ！,1期放送済,"2,000,000",228,Mノベルス,契約済,
おかしな転生,1期決定（放送日未定）,"1,200,000",60,TOブックス,契約済,
暗殺者である俺のステータスが勇者よりも明らかに強いのだが,25年10期予定,"800,000",,,契約済,
ワンピース ONE PIECE,1999年10月20日～継続放送中,"500,000,000",,集英社,NG,
ナルトNARUTO,2期放送済,"250,000,000",,集英社,NG,バンナムゲーム独占
名探偵コナン,1060話,"250,000,000",,小学館,NG,
こちら葛飾区亀有公園前派出所,1期放送済,"156,500,000",,集英社,NG,
BLEACH ブリーチ,2期放済中,"130,000,000",,集英社,NG,複数本開発中
スラムダンクSLAMDUNK,1期放送済,"120,290,000",,集英社,NG,
進撃の巨人 ,6期決定(放送日未定),"110,000,000",,講談社,NG,
ジョジョの奇妙な冒険SET,6期放送済,"100,000,000",,集英社,NG,
北斗の拳,2期放送済,"100,000,000",,集英社,NG,
はじめの一歩,3期放送済,"96,000,000",,講談社,NG,
キングダム,5期決定（2024年1月）,"90,000,000",,集英社,NG,
バキBAKI,2期決定(放送日未定),"85,000,000",,秋田書店,NG,金と企画
HUNTER×HUNTERハンター×ハンター,2期放送済,"84,000,000",,集英社,NG,
バガボンド,未定,"82,000,000",,講談社,NG,
キャプテン翼,4期放送済,"80,000,000",,集英社,NG,
鋼の錬金術師,2期放送済,"80,000,000",,スクウェア・エニックス,NG,
キン肉マン,1期放送済,"77,000,000",,集英社,NG,
るろうに剣心,2期決定（2023年）,"72,000,000",,集英社,NG,
FAIRYTAILフェアリーテイル,3期放送済,"72,000,000",,講談社,NG,
呪術廻戦,2期決定(2023年1月),"70,000,000",,集英社,NG,
僕のヒーローアカデミア,6期放送中,"65,000,000",,集英社,NG,
東京卍リベンジャーズ,2期決定(2023年1月),"65,000,000",,講談社,NG,
テニスの王子様,10期放送済,"60,000,000",,集英社,NG,
ろくでなしBLUES ろくでなしブルース,未定,"60,000,000",,集英社,NG,
バッドボーイズ BAD BOYS,1期放送済,"55,000,000",,講談社,NG,
銀魂 ,4期放送済,"55,000,000",,集英社,NG,
らんま1/2,1期放送済,"53,000,000",,小学館,NG,
ミナミの帝王,1期放送済,"53,000,000",,日本文芸社,NG,
ハイキュー!!,5期決定（放送日未定）,"50,000,000",,集英社,NG,
ドラゴンクエスト-ダイの大冒険-,1期放送中,"50,000,000",,集英社,NG,
幽遊白書,1期放送済,"50,000,000",,集英社,NG,
GTO,1期放送済,"50,000,000",,講談社,NG,
犬夜叉,1期放送済,"50,000,000",,小学館,NG,
ベルセルク,3期放送中,"50,000,000",,白泉社,NG,
東京喰種,4期放送済,"47,000,000",,集英社,NG,
転生したらスライムだった件,2期放送済,"45,000,000",1,講談社,NG,
あっぱれ!浦安鉄筋家族,2期放送済,"44,000,000",,秋田書店,NG,
約束のネバーランド,2期放送済,"41,000,000",,集英社,NG,
七つの大罪,4期放送済,"37,000,000",,講談社,NG,
20世紀少年,未定,"36,000,000",,小学館,NG,
Dr.スランプ,1期放送済,"35,000,000",,集英社,NG,
聖闘士星矢,1期放送済,"35,000,000",,集英社,NG,
とある魔術の禁書目録,,"31,000,000",,スクウェア・エニックス,NG,
うる星やつら,2期放送中,"30,000,000",,小学館,NG,
美少女戦士セーラームーン,5期放送済,"30,000,000",,講談社,NG,条件厳しい
SPY×FAMILY,2期放送中,"26,500,000",,集英社,NG,
ワンパンマン,3期決定（放送日未定）,"26,000,000",,集英社,NG,
暗殺教室,2期放送済,"25,000,000",,集英社,NG,
行け!稲中卓球部,1期放送済,"25,000,000",,講談社,NG,
トリコ,1期放送済,"25,000,000",,集英社,NG,
新世紀エヴァンゲリオン,1期放送済,"25,000,000",,角川書店,NG,
GANTZ,2期放送済,"24,000,000",,集英社,NG,
テラフォーマーズ,2期放送済,"22,000,000",,集英社,NG,
金色のガッシュ!! ,1期放送済,"22,000,000",,小学館,NG,
炎炎ノ消防隊,3期決定(放送日未定),"20,000,000",,講談社,NG,
カードキャプターさくら,3期放送済,"19,000,000",,講談社,NG,条件厳しい
チェンソーマン,1期放送中,"16,000,000",,集英社,NG,
Dr.STONE,3期決定(2023年),"14,000,000",,集英社,NG,
オーバーロード：前編,4期放送済,"14,000,000",186,エンターブレイン,NG,
オーバーロード：後編,4期放送済,"14,000,000",257,エンターブレイン,NG,
Re:ゼロから始める異世界生活,2期放送済,"13,000,000",7,メディアファクトリー,NG,
盾の勇者の成り上がり,3期決定(放送日未定),"11,000,000",32,メディアファクトリー,NG,
この素晴らしい世界に祝福を！,3期決定(2023年放送日未定),"10,000,000",,角川書店,NG,
ようこそ実力至上主義の教室へ,3期決定(2023年放送日未定),"9,000,000",,MF文庫J,NG,
なんて素敵にジャパネスク,未定,"8,000,000",,角川文庫,NG,
シャングリラ・フロンティア〜クソゲーハンター、神ゲーに挑まんとす〜,1期決定（2023年）,8000000,20,富士見ファンタジア文庫,NG,
陰の実力者になりたくて！,1期放送中,"5,000,000",12,集英社,NG,
アカメが斬る!,,"4,100,000",,スクウェア・エニックス,NG,
鬼滅の刃,3期放送済,"2,800,000",,集英社,NG,
文豪ストレイドッグス,4期決定(2023年1月),"10,000,000",,角川書店,NG,NextNinjaよりアプリゲームがリリース予定
ゴルゴ13,1期放送済,"300,000,000",,リイド社,,
ドラゴンボール,3期放送済,"260,000,000",,集英社,,
美味しんぼ,1期放送済,"135,000,000",,小学館,,
鉄腕アトム,1期放送済,"100,000,000",,講談社,,
タッチ,1期放送済,"100,000,000",,小学館,,
金田一少年の事件簿,1期放送済,"100,000,000",,講談社,,
サザエさん,6477話,"86,000,000",,朝日新聞出版,,
三国志,1期放送済,"80,000,000",,潮出版社,,
花より男子,1期放送済,"61,000,000",,集英社,,
H2,1期放送済,"55,000,000",,小学館,,
メジャーMAJOR,6期放送済,"55,000,000",,小学館,,
COBRA コブラ,1期放送済,"50,000,000",,集英社,,
ガラスの仮面,1期放送済,"50,000,000",,白泉社,,
CITY HUNTER シティーハンター,3期放送済,"50,000,000",,集英社,,
頭文字D イニシャルD,7期決定（2023年）,"50,000,000",,講談社,,
NANAナナ,1期放送済,"50,000,000",,集英社,,
デビルマン,1期放送済,"50,000,000",,講談社,,
ドカベン,1期放送済,"48,000,000",,秋田書店,,
クローズ,1期放送済,"46,000,000",,秋田書店,,
ブラック・ジャック,1期放送済,"45,640,000",,秋田書店,,
静かなるドン,1期放送済,"45,000,000",,実業之日本社,,
DEAR BOYS ACT4 ,1期放送済,"45,000,000",,講談社,,
課長島耕作,未定,"44,000,000",,講談社,,
BE-BOP-HIGHSCHOOL,1期放送済,"40,100,000",,講談社,,
遊☆戯☆王,7期放送中,"40,000,000",,集英社,,
今日から俺は!!,1期放送済,"40,000,000",,小学館,,
シュート!,2期放送済,"40,000,000",,講談社,,
王家の紋章,未定,"40,000,000",,秋田書店,,
ダイヤのA ,3期放送済,"40,000,000",,講談社,,
のだめカンタービレ,3期放送済,"38,700,000",,講談社,,
シャーマンキング,1期放送済,"38,000,000",,講談社,,
釣りキチ三平,1期放送済,"38,000,000",,講談社,,
クッキングパパ,1期放送済,"36,000,000",,講談社,,
イタズラなKiss,1期放送済,"35,000,000",,集英社,,
WORST,未定,"35,000,000",,秋田書店,,
3×3EYES,未定,"33,000,000",,講談社,,
君に届け,2期放送済,"33,000,000",,集英社,,
ちびまる子ちゃん,2期放送済,"32,500,000",,集英社,,
黒子のバスケ,3期放送済,"31,000,000",,集英社,,
DEATHNOTE,1期放送済,"30,000,000",,集英社,,
YAWARA!,1期放送済,"30,000,000",,小学館,,
じゃりン子チエ,2期放送済,"30,000,000",,双葉社,,
カメレオン,1期放送済,"30,000,000",,講談社,,
サラリーマン金太郎,1期放送済,"30,000,000",,集英社,,
家庭教師ヒットマンREBORN!,1期放送済,"30,000,000",,集英社,,
BASTARD!!,1期放送中,"30,000,000",,集英社,,
うしおととら,2期放送済,"30,000,000",,小学館,,
フルーツバスケット,3期放送済,"30,000,000",,白泉社,,
黒執事,3期放送済,"30,000,000",,スクウェア・エニックス,,
ソードアート・オンライン,3期放送済,"30,000,000",,アスキー・メディアワークス,,
疾風伝説 特攻の拓,未定,"29,000,000",,講談社,,
ときめきトゥナイト,1期放送済,"28,000,000",,集英社,,
鬼平犯科帳,1期放送済,"27,000,000",,文藝春秋,,
ちはやふる,3期放送済,"27,000,000",,講談社,,
あさりちゃん,1期放送済,"26,500,000",,小学館,,
魁!!男塾,1期放送済,"26,000,000",,集英社,,
バリバリ伝説,1期放送済,"26,000,000",,講談社,,
釣りバカ日誌,1期放送済,"26,000,000",,小学館,,
BOYS BE… 〜young adult〜,1期放送済,"25,000,000",,講談社,,
ヒカルの碁,1期放送済,"25,000,000",,集英社,,
ディー・グレイマン D.Gray-man,2期放送済,"25,000,000",,集英社,,
有閑倶楽部,未定,"25,000,000",,集英社,,
パタリロ!,1期放送済,"25,000,000",,白泉社,,
ANGEL HEART,1期放送済,"25,000,000",,新潮社,,
みゆき,1期放送済,"25,000,000",,小学館,,
烈火の炎,1期放送済,"25,000,000",,小学館,,
沈黙の艦隊,1期放送済,"25,000,000",,講談社,,
めぞん一刻,2期放送済,"25,000,000",,小学館,,
生徒諸君!,1期放送済,"25,000,000",,講談社,,
ああっ女神さまっ,1期放送済,"25,000,000",,講談社,,
宇宙兄弟,1期放送済,"25,000,000",,講談社,,
最遊記,4期放送済,"25,000,000",,一迅社,,
魔法科高校の劣等生,4期決定(放送日未定),"25,000,000",,アスキー・メディアワークス,,
あひるの空,1期放送済,"24,000,000",,講談社,,
寄生獣,1期放送済,"24,000,000",,講談社,,
レイヴ RAVE,未定,"23,500,000",,講談社,,
マギ,2期放送済,"23,000,000",,小学館,,
封神演義,1期放送済,"22,000,000",,集英社,,
動物のお医者さん,未定,"21,600,000",,白泉社,,
賭博堕天録カイジ 24億脱出編,未定,"21,000,000",,講談社,,
闇金ウシジマくん,未定,"21,000,000",,小学館,,
ROOKIES,未定,"20,000,000",,集英社,,
地獄先生ぬ〜べ〜NEO,1期放送済,"20,000,000",,集英社,,
アイシールド21,1期放送済,"20,000,000",,集英社,,
あしたのジョー,2期放送済,"20,000,000",,講談社,,
スレイヤーズ,5期放送済,"20,000,000",,富士見書房,,
きまぐれオレンジ・ロード,1期放送済,"20,000,000",,集英社,,
ツバサ 豪華版,未定,"20,000,000",,講談社,,
修羅の門,1期放送済,"20,000,000",,講談社,,
スケバン刑事,1期放送済,"20,000,000",,集英社,,
MONSTER,1期放送済,"20,000,000",,小学館,,
ベルサイユのばら,1期決定(放送日未定),"20,000,000",,集英社,,
食戟のソーマ,5期放送済,"20,000,000",,集英社,,
銀牙伝説WEEDオリオン,未定,"20,000,000",,日本文芸社,,
ふしぎ遊戯,2期放送済,"20,000,000",,小学館,,
ハヤテのごとく!,4期放送済,"20,000,000",,小学館,,
ブラッククローバー,3期放送済,"17,000,000",,集英社,,
電影少女,1期放送済,"14,000,000",,集英社,,
SKET DANCE,1期放送済,"14,000,000",,集英社,,
スキップ・ビート!,1期放送済,"14,000,000",,白泉社,,
CLAMP PREMIUM COLLECTION ×××HOLiC,未定,"14,000,000",,講談社,,
暁のヨナ,1期放送済,"14,000,000",,白泉社,,
天上天下,1期放送済,"13,000,000",,集英社,,
リングにかけろ,1期放送済,"13,000,000",,集英社,,
プレイボール,1期放送済,"13,000,000",,集英社,,
桜蘭高校ホスト部,1期放送済,"13,000,000",,白泉社,,
ピーチガール,1期放送済,"13,000,000",,講談社,,
エリアの騎士,1期放送済,"13,000,000",,講談社,,
DAYS ,1期放送済,"13,000,000",,講談社,,
監獄学園,1期放送済,"13,000,000",,講談社,,
十二国記,1期放送済,"12,800,000",,新潮社,,
まじかる☆タルるートくん,1期放送済,"12,600,000",,集英社,,
ベイビーステップ,2期放送済,"12,600,000",,講談社,,
魔術士オーフェン,3期決定(2023年1月),"12,000,000",,富士見書房,,
ぬらりひょんの孫,2期放送済,"12,000,000",,集英社,,
ニセコイ,2期放送済,"12,000,000",,集英社,,
BLACK CAT,1期放送済,"12,000,000",,集英社,,
サイコメトラーEIJI,未定,"12,000,000",,講談社,,
ポケットモンスタースペシャル,未定,"12,000,000",,小学館,,
僕等がいた,1期放送済,"12,000,000",,小学館,,
BANANA FISH,1期放送済,"12,000,000",,小学館,,
キャンディキャンディ,1期放送済,"12,000,000",,講談社,,
ヲタクに恋は難しい,1期放送済,"12,000,000",,一迅社,,
ギャングキング,未定,"12,000,000",,秋田書店,,
終わりのセラフ,2期放送済,"15,000,000",,集英社,,
あたしンち ベスト,未定,"12,000,000",,メディアファクトリー,,
L・DK,未定,"11,550,000",,講談社,,
フルメタル・パニック！,4期放送済,"11,500,000",,富士見書房,,
人間交差点,1期放送済,"11,000,000",,小学館,,
サーキットの狼,未定,"11,000,000",,集英社,,
悪魔の花嫁,未定,"11,000,000",,秋田書店,,
彼氏彼女の事情,1期放送済,"11,000,000",,白泉社,,
からかい上手の高木さん,3期放送済,"11,000,000",,小学館,,
銀牙 -流れ星 銀-,1期放送済,"10,000,000",,集英社,,
ハイスクール!奇面組,1期放送済,"10,000,000",,集英社,,
モンキーターン,2期放送済,"10,000,000",,小学館,,
やはり俺の青春ラブコメはまちがっている。,3期放送済,"10,000,000",,小学館,,
ロードス島戦記,2期放送済,"10,000,000",,角川書店,,
フォーチュン・クエスト,1期放送済,"10,000,000",,角川書店,,
ママレード・ボーイ,1期放送済,"10,000,000",,集英社,,
センゴク,未定,"10,000,000",,講談社,,
はだしのゲン,2期放送済,"10,000,000",,中央公論新社,,
おそ松くん,3期放送済,"10,000,000",,小学館,,
ライフ,未定,"10,000,000",,講談社,,
高校鉄拳伝タフ,未定,"10,000,000",,集英社,,
史上最強の弟子ケンイチ,1期放送済,"10,000,000",,小学館,,
サイボーグ009,3期放送済,"10,000,000",,秋田書店,,
天使なんかじゃない,1期放送済,"10,000,000",,集英社,,
咲 -Saki-,3期放送済,"10,000,000",,スクウェア・エニックス,,
機動警察パトレイバー,1期放送済,"10,000,000",,小学館,,
彼岸島,1期放送済,"10,000,000",,講談社,,
機動戦士ガンダムTHEORIGIN,1期放送済,"10,000,000",,角川書店,,
彼女、お借りします,3期決定(放送日未定),"10,000,000",,講談社,,
星のカービィ まんぷくプププ ファンタジー,未定,"10,000,000",,小学館,,
クロスオーバーレブ!,未定,"10,000,000",,講談社,,
SPRIGGAN,1期放送済,"10,000,000",,小学館,,
魔入りました!入間くん,1期放送中,"10,000,000",,秋田書店,,
ブルーロック,1期放送中,"10,000,000",,講談社,,
嘘喰い,未定,"10,000,000",,集英社,,
本好きの下剋上,3期放送済,"10,000,000",11,TOブックス,,
幼女戦記,2期決定（放送日未定）,"9,500,000",,KADOKAWA,,
ブラックラグーン,,"9,000,000",,小学館,,
カゲロウデイズ,1期放送済,"9,000,000",,KADOKAWA,,
灼眼のシャナ,3期放送済,"8,600,000",,電撃文庫,,
キノの旅,1期放送済,"8,200,000",,角川文庫,,
アルスラーン戦記,2期放送済,"8,000,000",,講談社,,
ハイスクールD×D,4期放送済,"7,800,000",,富士見ファンタジア文庫,,
賢者の孫,1期放送済,"7,800,000",39,MF文庫J,,
恋空,未定,"7,300,000",,MF文庫J,,
バカとテストと召喚獣,2期放送済,"7,300,000",,富士見ファンタジア文庫,,
賭ケグルイ!,,"7,000,000",,スクウェア・エニックス,,
とんでもスキルで異世界放浪メシ,未定,"7,000,000",3,ヒーロー文庫,,
ビブリア古書堂の事件手帖,未定,"7,000,000",,富士見ファンタジア文庫,,
心霊探偵八雲,1期放送済,"7,000,000",,MF文庫J,,
僕は友達が少ない,2期放送済,"7,000,000",,MF文庫J,,
ゼロの使い魔,2期放送済,"6,800,000",,MF文庫J,,
彩雲国物語,2期放送済,"6,500,000",,富士見ファンタジア文庫,,
図書館戦争,1期放送済,"6,400,000",,角川書店,,
異世界居酒屋「のぶ」,2期決定(放送日未定),"6,300,000",179,小学館ラノベ文庫,,
ゲート　自衛隊 彼の地にて、斯く戦えり,2期放送済,"6,300,000",,アルファポリス,,
ホリミヤ,,"6,000,000",,スクウェア・エニックス,,
ノーゲーム・ノーライフ,1期放送済,"6,000,000",,MF文庫J,,
生徒会シリーズ,2期放送済,"6,000,000",,富士見ファンタジア文庫,,
乙女ゲームの破滅フラグしかない悪役令嬢に転生してしまった…,2期放送済,"6,000,000",51,富士見ファンタジア文庫,,
破妖の剣,未定,"6,000,000",,富士見ファンタジア文庫,,
デュラララ!!,2期放送済,"5,600,000",,電撃文庫,,
少年陰陽師シリーズ,1期放送済,"5,500,000",,集英社文庫,,
おいしいコーヒーのいれ方,未定,"5,450,000",,富士見ファンタジア文庫,,
俺の妹がこんなに可愛いわけがない,2期放送済,"5,200,000",,電撃文庫,,
ありふれた職業で世界最強,3期決定(放送日未定),"5,000,000",4,GA文庫,,
転生賢者の異世界ライフ　～第二の職業を得て、世界最強になりました～,1期放送済,"8,000,000",,GA文庫,,
とらドラ！,1期放送済,"5,000,000",,電撃文庫,,
タクミくんシリーズ,未定,"5,000,000",,ダッシュエックス文庫,,
悪役令嬢は隣国の王太子に溺愛される,未定,"5,000,000",195,富士見ファンタジア文庫,,
モンスター娘のいる日常,,"5,000,000",,徳間書店,,
デッドマン・ワンダーランド,,"5,000,000",,カドカワBOOKS,,
片田舎のおっさん、剣聖になる　～ただの田舎の剣術師範だったのに、大成した弟子たちが俺を放ってくれない件～,未定,4500000,82,宝島社,,
蜘蛛ですが、なにか？,2期放送中,"4,000,000",5,KADOKAWA,,
HELLSING,,"4,000,000",,,,
東京アンダーグラウンド,,"3,000,000",,スクウェア・エニックス,,
隠の王,,"3,000,000",,スクウェア・エニックス,,
境界線上のホライゾン,2期放送済,"2,800,000",,アスキー・メディアワークス,,
化物語,1期放送済,"2,800,000",,講談社BOX,,
もし高校野球の女子マネージャーがドラッカーの『マネジメント』を読んだら,1期放送済,"2,800,000",,富士見ファンタジア文庫,,
ひとりぼっちの異世界攻略,未定,"2,800,000",,ヒーロー文庫,,
ふつつかな悪女ではございますが,未定,"2,800,000",286,一迅社文庫,,
くまクマ熊ベアー,2期決定（放送日未定）,"2,600,000",47,KADOKAWA,,
殺戮の天使,1期放送済,"2,600,000",,角川文庫,,
神曲奏界ポリフォニカ,2期放送済,"2,600,000",,富士見ファンタジア文庫,,
宝くじで40億当たったんだけど異世界に移住する,未定,"2,600,000",189,GA文庫,,
回復術士のやり直し,1期放送済,"2,500,000",,ヒーロー文庫,,
鹿の王,未定,"2,500,000",,角川スニーカー文庫,,
妹さえいればいい。,1期放送済,"2,500,000",,富士見ファンタジア文庫,,
りゅうおうのおしごと！,1期放送済,"2,500,000",,GA文庫,,
転生した大聖女は、聖女であることをひた隠す,未定,"2,500,000",30,富士見ファンタジア文庫,,
時々ボソッとロシア語でデレる隣のアーリャさん,未定,"2,500,000",,富士見ファンタジア文庫,,
古典部シリーズ,1期放送済,"2,450,000",,角川文庫,,
ロウきゅーぶ！,2期放送済,"2,430,000",,富士見ファンタジア文庫,,
Only Sense Online,未定,"2,400,000",194,富士見ファンタジア文庫,,
珈琲店タレーランの事件簿,未定,"2,350,000",,富士見ファンタジア文庫,,
新妹魔王の契約者,2期放送済,"2,300,000",,角川スニーカー文庫,,
異世界薬局,1期放送済,"2,300,000",110,ヒーロー文庫,,
魔弾の王と戦姫,1期放送済,"2,300,000",,富士見ファンタジア文庫,,
アラフォー賢者の異世界生活日記,未定,"2,200,000",50,MF文庫J,,
聖者無双　～サラリーマン、異世界で生き残るために歩む道～,1期決定（放送日未定）,"2,200,000",61,オーバーラップ文庫,,
俺がお嬢様学校に「庶民サンプル」として拉致られた件,1期放送済,"2,200,000",,GA文庫,,
IS〈インフィニット・ストラトス〉,2期放送済,"2,200,000",,MF文庫J,,
まおゆう魔王勇者,1期放送済,"2,200,000",,エンターブレイン,,
魔王学院の不適合者　～史上最強の魔王の始祖、転生して子孫たちの学校へ通う～,2期決定（2023年1月）,"2,200,000",55,富士見ファンタジア文庫,,
変態王子と笑わない猫。,1期放送済,"2,150,000",,富士見ファンタジア文庫,,
31番目のお妃様,未定,"2,100,000",,富士見ファンタジア文庫,,
バッカーノ！,1期放送済,"2,040,000",,集英社,,
京都寺町三条のホームズ,1期放送済,"2,000,000",,講談社,,
liar　～ズルイ身体～,未定,"2,000,000",,角川ビーンズ文庫,,
虫かぶり姫,1期放送中,"2,000,000",,一迅社文,,
神様の御用人,未定,"2,000,000",,メディアワークス文庫,,
俺の彼女と幼なじみが修羅場すぎる,1期放送済,"2,000,000",,GA文庫,,
青春ブタ野郎シリーズ,1期放送済,"2,000,000",,電撃文庫,,
星界の紋章,1期放送済,"2,000,000",,早川書房,,
精霊使いの剣舞,1期放送済,"2,000,000",,MF文庫J,,
パパのいうことを聞きなさい！,1期放送済,"2,000,000",,スーパーダッシュ文庫,,
迷い猫オーバーラン！,1期放送済,"2,000,000",,スーパーダッシュ文庫,,
かくりよの宿飯,1期放送済,"2,000,000",,富士見L文庫,,
乃木坂春香の秘密,2期放送済,"2,000,000",,電撃文庫,,
86―エイティシックス―,2期放送済,"2,000,000",,電撃文庫,,
異世界でもふもふなでなでするためにがんばってます。,1期決定,"2,000,000",,アルファポリス,,
魔王の俺が奴隷エルフを嫁にしたんだが、どう愛でればいい？,2024年4月,"2,000,000",,HJ文庫,,
戦国小町苦労譚,未定,"2,000,000",172,アルファポリス,,
ハズレ枠の【状態異常スキル】で最強になった俺がすべてを蹂躙するまで,未定,"2,000,000",21,富士見ファンタジア文庫,,
ティアムーン帝国物語　～断頭台から始まる、姫の転生逆転ストーリー～,1期決定（2023年）,"2,000,000",99,TOブックス,,
お隣の天使様にいつの間にか駄目人間にされていた件,1期決定（2023年）,"2,000,000",93,GA文庫,,
劣等眼の転生魔術師　～虐げられた元勇者は未来の世界を余裕で生き抜く～,未定,"1,900,000",,KADOKAWA,,
ニンジャスレイヤー,1期放送済,"1,800,000",,KADOKAWA,,
才川夫妻の恋愛事情,未定,"1,800,000",,スターツ出版,,
ロード・エルメロイII世の事件簿,1期放送済,"1,800,000",,TYPE-MOON BOOKS,,
星刻の竜騎士,1期放送済,"1,800,000",,MF文庫J,,
さくら荘のペットな彼女,1期放送済,"1,800,000",,電撃文庫,,
俺だけ入れる隠しダンジョン　～こっそり鍛えて世界最強～,1期放送済,"1,800,000",,Kラノベブックス,,
茉莉花官吏伝,未定,"1,730,000",,富士見L文庫,,
黒の召喚士　,1期放送済,"1,700,000",120,OVERLAP文庫,,
天久鷹央シリーズ,未定,"1,700,000",,新潮文庫nex,,
響け！ユーフォニアム,3期決定(2024年),"1,700,000",,宝島社文庫,,
英雄教室,1期決定(2023年),"1,700,000",,ダッシュエックス文庫,,
屋根裏部屋の公爵夫人,未定,"1,600,000",240,一迅社文庫アイリス,,
ログ・ホライズン,3期放送済,"1,600,000",171,エンターブレイン,,
エロマンガ先生,1期放送済,"1,600,000",,電撃文庫,,
機巧少女は傷つかない,1期放送済,"1,600,000",,MF文庫J,,
いぬかみっ！,1期放送済,"1,600,000",,電撃文庫,,
ぼくは明日、昨日のきみとデートする,未定,"1,600,000",,宝島社文庫,,
C3 ―シーキューブ―,1期放送済,"1,600,000",,電撃文庫,,
暴食のベルセルク　～俺だけレベルという概念を突破する～,未定,"1,600,000",,OVERLAP文庫,,
金色の文字使い　～勇者四人に巻き込まれたユニークチート～,未定,"1,500,000",102,富士見ファンタジア文庫,,
勇者パーティーを追放されたビーストテイマー、最強種の猫耳少女と出会う,1期放送中,"1,500,000",129,ヒーロー文庫,,
六畳間の侵略者!?,1期放送済,"1,500,000",,HJ文庫,,
ソードアート・オンライン オルタナティブ　ガンゲイル・オンライン,1期放送済,"1,500,000",,電撃文庫,,
櫻子さんの足下には死体が埋まっている,1期放送済,"1,500,000",,角川文庫,,
アスラクライン,2期放送済,"1,500,000",,電撃文庫,,
身代わり伯爵シリーズ,未定,"1,500,000",,角川ビーンズ文庫,,
Missing,未定,"1,500,000",,メディアワークス文庫,,
電波女と青春男,1期放送済,"1,500,000",,電撃文庫,,
ホーンテッド・キャンパス,未定,"1,500,000",,角川ホラー文庫,,
オオカミさんとシリーズ,1期放送済,"1,500,000",,電撃文庫,,
ポーション頼みで生き延びます！,未定,"1,500,000",139,Kラノベブックス,,
異世界魔法は遅れてる！,未定,"1,500,000",239,オーバーラップ文庫,,
最強職《竜騎士》から初級職《運び屋》になったのに、なぜか勇者達から頼られてます,未定,"1,500,000",214,富士見ファンタジア文庫,,
レベル1だけどユニークスキルで最強です,1期決定（2023年）,"1,500,000",85,Kラノベブックス,,
異世界食堂,2期放送済,"1,500,000",52,ヒーロー文庫,,
即死チートが最強すぎて、異世界のやつらがまるで相手にならないんですが。,2024年1月,"1,500,000",71,アース・スターノベル,,
領民0人スタートの辺境領主様,未定,"1,500,000",244,アルファポリス,,
ダイナー,未定,"1,400,000",,ポプラ文庫,,
真夜中のパン屋さん,未定,"1,400,000",,ポプラ文庫,,
紅霞後宮物語,未定,"1,400,000",,富士見L文庫,,
カンピオーネ！,1期放送済,"1,400,000",,スーパーダッシュ文庫,,
十角館の殺人,未定,"1,400,000",,講談社文庫,,
世界最高の暗殺者、異世界貴族に転生する,1期放送済,"1,400,000",111,角川スニーカー文庫,,
勇者召喚に巻き込まれたけど、異世界は平和でした,未定,"1,400,000",149,アルファポリス,,
実は俺、最強でした？,1期決定(2023年),"1,380,000",183,なろう文庫,,
素材採取家の異世界旅行記,未定,"1,370,000",,TOブックス,,
嘘つきみーくんと壊れたまーちゃん,未定,"1,350,000",,電撃文庫,,
スパイ教室,1期決定(2023年1月),"1,350,000",,富士見ファンタジア文庫,,
没落予定なので、鍛治職人を目指す,未定,"1,300,000",192,TOブックス,,
居酒屋ぼったくり,未定,"1,300,000",,アルファポリス,,
飛空士シリーズ,未定,"1,300,000",,ガガガ文庫,,
よろず占い処,未定,"1,300,000",,ポプラ文庫,,
しにがみのバラッド。,1期放送済,"1,300,000",,電撃文庫,,
RDG レッドデータガール,1期放送済,"1,300,000",,角川文庫,,
軍オタが魔法世界に転生したら、現代兵器で軍隊ハーレムを作っちゃいました！？,未定,"1,300,000",295,富士見ファンタジア文庫,,
ネクストライフ,未定,"1,300,000",,アルファポリス,,
レイン,未定,"1,270,000",,アルファポリス,,
神様のメモ帳,1期放送済,"1,270,000",,電撃文庫,,
悪ノ大罪シリーズ,未定,"1,250,000",,PHP研究所,,
異世界支配のスキルテイカー,未定,"1,200,000",,モンスター文庫,,
セックス＆ダンジョン!!　～我が家の地下に、H回数=レベルのダンジョンが出現した!?～,未定,"1,200,000",,美少女文庫,,
異世界でスキルを解体したらチートな嫁が増殖しました　概念交差のストラクチャー,未定,"1,200,000",,HJ文庫,,
冒険者ライセンスを剥奪されたおっさんだけど、愛娘ができたのでのんびり人生を謳歌する,未定,"1,200,000",,GAノベル,,
弱キャラ友崎くん,1期放送済,"1,200,000",,ガガガ文庫,,
ヘヴィーオブジェクト,1期放送済,"1,200,000",,電撃文庫,,
後宮の烏,1期放送中,"1,200,000",,集英社オレンジ文庫,,
悪役令嬢なのでラスボスを飼ってみました,1期放送中,"1,200,000",119,角川ビーンズ文庫,,
悠久の愚者アズリーの、賢者のすゝめ,未定,"1,200,000",,アルファポリス,,
塩対応の佐藤さんが俺にだけ甘い,未定,"1,200,000",,富士見L文庫,,
鍛冶屋ではじめる異世界スローライフ,未定,"1,200,000",198,宝島社,,
最弱テイマーはゴミ拾いの旅を始めました。,未定,"1,200,000",108,TOブックス,,
転生しまして、現在は侍女でございます。,未定,"1,200,000",206,一迅社文庫アイリス,,
異世界転生の冒険者,未定,"1,150,000",,ヒーロー文庫,,
初めましてこんにちは、離婚してください,未定,"1,100,000",,アルファポリス,,
ゴーストハントシリーズ,1期放送済,"1,100,000",,講談社X文庫ホワイトハート,,
うちの執事に願ったならば,未定,"1,100,000",,角川文庫,,
浜村渚の計算ノート,未定,"1,100,000",,講談社文庫,,
自称悪役令嬢な婚約者の観察記録。,未定,"1,100,000",,カドカワBOOKS,,
最弱無敗の神装機竜,1期放送済,"1,100,000",,GA文庫,,
撲殺天使ドクロちゃん,2期放送済,"1,100,000",,電撃文庫,,
穏やか貴族の休暇のすすめ。,未定,"1,100,000",,TOブックス,,
異世界転生騒動記,未定,"1,100,000",,アルファポリス,,
転生して田舎でスローライフをおくりたい,未定,"1,100,000",19,宝島社,,
老後に備えて異世界で８万枚の金貨を貯めます,1期決定（2023年1月）,"1,080,000",143,Kラノベブックス,,
ゴールデンタイム,1期放送済,"1,070,000",,電撃文庫,,
ネトゲの嫁は女の子じゃないと思った？,1期放送済,"1,050,000",,電撃文庫,,
異世界ゆるり紀行,未定,"1,040,000",,アルファポリス,,
召喚された賢者は異世界を往く　～最強なのは不要在庫のアイテムでした～,未定,"1,000,000",287,アルファポリス,,
最後の晩ごはん,未定,"1,000,000",,角川文庫,,
わが家は祇園の拝み屋さん,未定,"1,000,000",,角川文庫,,
田舎のホームセンター男の自由な異世界生活,未定,"1,000,000",,TOブックス,,
絶叫学級 ノベライズ みらい文庫版,未定,"1,000,000",,集英社みらい文庫,,
青鬼,1期放送済,"1,000,000",,角川文庫,,
これは経費で落ちません！　～経理部の森若さん～,未定,"1,000,000",,集英社オレンジ文庫,,
階段島シリーズ,未定,"1,000,000",,講談社タイガ,,
ドクムシ,未定,"1,000,000",,双葉社,,
織田信奈の野望,1期放送済,"1,000,000",,GA文庫,,
勿論、慰謝料請求いたします！,未定,"1,000,000",,アルファポリス,,
悪役令嬢は溺愛ルートに入りました！？,未定,"1,000,000",141,ビーズログ文庫,,
ウォルテニア戦記,未定,"1,000,000",153,ホビージャパン,,
二度目の人生を異世界で,未定,"1,000,000",,マイクロマガジン社,,
アサシンズプライド,1期放送済,"1,000,000",,富士見ファンタジア文庫,,
マージナル・オペレーション,未定,"1,000,000",,星海社FICTIONS,,
私、能力は平均値でって言ったよね！,1期放送済,"1,000,000",18,アース・スターノベル,,
フェアリーテイル・クロニクル　～空気読まない異世界ライフ～,未定,"1,000,000",97,アリアンローズ,,
ワールド・ティーチャー -異世界式教育エージェント-,未定,"1,000,000",173,オーバーラップ文庫,,
史上最強の大魔王、村人Aに転生する,1期放送済,"1,000,000",,富士見ファンタジア文庫,,
父は英雄、母は精霊、娘の私は転生者。,未定,"1,000,000",,Kラノベブックス,,
戦闘員、派遣します！,1期放送済,"1,000,000",,角川スニーカー文庫,,
可愛ければ変態でも好きになってくれますか？,1期放送済,"1,000,000",,MF文庫J,,
幼なじみが絶対に負けないラブコメ,1期放送済,"1,000,000",,電撃文庫,,
村人ですが何か？,未定,"1,000,000",,アース・スターノベル,,
俺を好きなのはお前だけかよ,1期放送済,"1,000,000",,電撃文庫,,
超人高校生たちは異世界でも余裕で生き抜くようです！,1期放送済,"1,000,000",,GA文庫,,
トリニティ・ブラッド,1期放送済,"1,000,000",,角川スニーカー文庫,,
のうりん,1期放送済,"1,000,000",,GA文庫,,
聖剣使いの禁呪詠唱,1期放送済,"1,000,000",,GA文庫,,
這いよれ！ニャル子さん,2期放送済,"1,000,000",,GA文庫,,
探偵はもう、死んでいる。,2期決定(放送日未定),"1,000,000",,MF文庫J,,
異世界に飛ばされたおっさんは何処へ行く？,未定,"1,000,000",,アルファポリス,,
史上最強オークさんの楽しい種付けハーレムづくり,未定,"1,000,000",,美少女文庫,,
最強出涸らし皇子の暗躍帝位争い,未定,"1,000,000",25,HJ文庫,,
いずれ最強の錬金術師？,未定,"1,000,000",,アルファポリス,,
異世界でスローライフを（願望）,未定,"1,000,000",84,アルファポリス,,
天命探偵シリーズ,未定,"950,000",,,,
ブラック・ブレット,1期放送済,"950,000",,,,
聖女じゃなかったので、王宮でのんびりご飯を作ることにしました,未定,"950,000",197,,,
転生貴族、鑑定スキルで成り上がる～弱小領地を受け継いだので、優秀な人材を増やしていたら、最強領地になってた～,2024年4月,"900,000",83,,,
詐騎士,未定,"900,000",,,,
溺あま御曹司は甘ふわ女子にご執心,未定,"900,000",,,,
俺の現実は恋愛ゲーム??　～かと思ったら命がけのゲームだった～,未定,"900,000",,,,
魔技科の剣士と召喚魔王,未定,"900,000",,,,
怪盗探偵山猫,未定,"900,000",,,,
成長チートでなんでもできるようになったが、無職だけは辞められないようです,未定,"900,000",154,,,
地味な剣聖はそれでも最強です,未定,"880,000",,,,
僕僕先生,未定,"850,000",,,,
探偵・日暮旅人,未定,"850,000",,,,
歴史に残る悪女になるぞ,未定,"850,000",132,,,
継母の連れ子が元カノだった,1期放送済,"850,000",,,,
我が家のお稲荷さま。,1期放送済,"820,000",,,,
ミカグラ学園組曲,1期放送済,"820,000",,,,
今度は絶対に邪魔しませんっ！,未定,"800,000",49,,,
悲劇の元凶となる最強外道ラスボス女王は民の為に尽くします。,未定,"800,000",98,,,
解雇された暗黒兵士（30代）のスローなセカンドライフ,1期決定(2023年1月),"800,000",,,,
余命10年,未定,"800,000",,,,
農民関連のスキルばっか上げてたら何故か強くなった。,1期放送中,"800,000",,,,
妹に婚約者を譲れと言われました　最強の竜に気に入られてまさかの王国乗っ取り？,未定,"800,000",,,,
豚公爵に転生したから、今度は君に好きと言いたい,未定,"800,000",,,,
なんちゃってシンデレラ,未定,"800,000",,,,
マリエル・クララックの婚約,未定,"800,000",,,,
自称！平凡魔族の英雄ライフ,未定,"800,000",,,,
チート薬師のスローライフ,1期放送済,"800,000",,,,
竜騎士のお気に入り,未定,"800,000",,,,
浅草鬼嫁日記,未定,"800,000",,,,
宝石商リチャード氏の謎鑑定,1期放送済,"800,000",,,,
宮廷神官物語,未定,"800,000",,,,
また、同じ夢を見ていた,未定,"800,000",,,,
通常攻撃が全体攻撃で二回攻撃のお母さんは好きですか？,1期放送済,"800,000",,,,
俺の脳内選択肢が、学園ラブコメを全力で邪魔している,1期放送済,"800,000",,,,
強くてニューサーガ,未定,"800,000",,,,
出来損ないと呼ばれた元英雄は、実家から追放されたので好き勝手に生きることにした,未定,"800,000",,,,
猫と竜,未定,"800,000",,,,
目覚めたら最強装備と宇宙船持ちだったので、一戸建て目指して傭兵として自由に生きたい,未定,"800,000",106,,,
最凶の支援職【話術士】である俺は世界最強クランを従える,未定,"800,000",137,,,
ねじ巻き精霊戦記 天鏡のアル デラミン,1期放送済,"780,000",,,,
淡海乃海 水面が揺れる時　～三英傑に嫌われた不運な男、朽木基綱の逆襲～,未定,"750,000",,,,
俺の家が魔力スポットだった件　～住んでいるだけで世界最強～,未定,"750,000",,,,
塔の管理をしてみよう,未定,"750,000",,,,
お女ヤン!!　イケメン☆ヤンキー☆パラダイス,未定,"750,000",,,,
Sランクモンスターの≪ベヒーモス≫だけど、猫と間違われてエルフ娘の騎士(ペット)として暮らしてます,未定,"750,000",,,,
「攻略本」を駆使する最強の魔法使い　～〈命令させろ〉とは言わせない俺流魔王討伐最善ルート～,未定,"750,000",,,,
世界でただ一人の魔物使い　～転職したら魔王に間違われました～,未定,"750,000",,,,
ゲーマーズ！,1期放送済,"750,000",,,,
七つの魔剣が支配する,1期決定（放送日未定）,"750,000",,,,
リビルドワールド,未定,"750,000",,,,
効率厨魔導師、第二の人生で魔導を極める,未定,"730,000",,,,
ワールド・カスタマイズ・クリエーター,未定,"720,000",,,,
のんびりVRMMO記,24年1期予定,"720,000",,,,
終焉ノ栞,未定,"710,000",,,,
モンスターがあふれる世界になったので、好きに生きたいと思います,未定,"700,000",42,,,
ニートだけどハロワにいったら異世界につれてかれた,未定,"700,000",86,,,
私この度、王国騎士団独身寮の家政婦をすることになりました,未定,"700,000",,,,
落第賢者の学院無双　～二度転生した最強賢者、400年後の世界を魔剣で無双～,未定,"700,000",,,,
村人転生　最強のスローライフ,未定,"700,000",,,,
異世界召喚は二度目です,1期決定（放送日未定）,"700,000",,,,
29歳独身は異世界で自由に生きた……かった。,未定,"700,000",,,,
君は月夜に光り輝く,未定,"700,000",,,,
ケーキ王子の名推理,未定,"700,000",,,,
ベン・トー,1期放送済,"700,000",,,,
ちょっと今から仕事やめてくる,未定,"700,000",,,,
異世界料理道,未定,"700,000",250,,,
最強魔法師の隠遁計画,未定,"700,000",,,,
なぜ僕の世界を誰も覚えていないのか？,未定,"700,000",,,,
ヴァイオレット・エヴァーガーデン,1期放送済,"700,000",,,,
完全回避ヒーラーの軌跡,未定,"670,000",,,,
獣医さんのお仕事 in 異世界,未定,"670,000",,,,
転生しちゃったよ（いや、ごめん）,未定,"660,000",,,,
嘆きの亡霊は引退したい　〜最弱ハンターは英雄の夢を見る〜,未定,"650,000",54,,,
最強の魔導士。ひざに矢をうけてしまったので田舎の衛兵になる,未定,"650,000",138,,,
最強タンクの迷宮攻略,未定,"650,000",296,,,
異世界転移したのでチートを生かして魔法剣士やることにする,未定,"650,000",,,,
警視庁捜査一課十一係,未定,"650,000",,,,
最後にひとつだけお願いしてもよろしいでしょうか,未定,"650,000",,,,
小説 天気の子,未定,"650,000",,,,
竜殺しの過ごす日々,未定,"650,000",,,,
転生王子はダラけたい,未定,"650,000",,,,
ゼロから始める魔法の書,1期放送済,"620,000",,,,
貴族転生～恵まれた生まれから最強の力を得る,未定,"600,000",41,,,
この世界がゲームだと俺だけが知っている,未定,"600,000",126,,,
役立たずスキルに人生を注ぎ込み25年、今さら最強の冒険譚,未定,"600,000",162,,,
アルバート家の令嬢は没落をご所望です,未定,"600,000",178,,,
魔石グルメ　～魔物の力を食べたオレは最強！～,未定,"600,000",202,,,
外れスキル「影が薄い」を持つギルド職員が、実は伝説の暗殺者,未定,"600,000",246,,,
家政魔導士の異世界生活　～冒険中の家政婦業承ります！～,未定,"600,000",,,,
悪役令嬢の追放後！　教会改革ごはんで悠々シスター暮らし,未定,"600,000",,,,
史上最強の魔法剣士、Fランク冒険者に転生する　～剣聖と魔帝、2つの前世を持った男の英雄譚～,未定,"600,000",,,,
ドS刑事,未定,"600,000",,,,
化学探偵Mr.キュリー,未定,"600,000",,,,
0能者ミナト,未定,"600,000",,,,
商人勇者は異世界を牛耳る！　～栽培スキルでなんでも増やしちゃいます～,未定,"600,000",,,,
マジカル★エクスプローラー　エロゲの友人キャラに転生したけど、ゲーム知識使って自由に生きる,未定,"600,000",63,,,
魔法少女育成計画,1期放送済,"600,000",,,,
サクラダリセット,1期放送済,"600,000",,,,
なれる！SE,未定,"600,000",,,,
公女殿下の家庭教師,未定,"600,000",,,,
義妹生活,1期決定（放送日未定）,"600,000",,,,
僕の部屋がダンジョンの休憩所になってしまった件,未定,"590,000",,,,
マギクラフト・マイスター,未定,"580,000",130,,,
じい様が行く　『いのちだいじに』異世界ゆるり旅,未定,"580,000",,,,
境界迷宮と異界の魔術師,未定,"560,000",164,,,
優しい死神の飼い方,未定,"550,000",,,,
ワケあり生徒会！,未定,"550,000",,,,
准教授・高槻彰良の推察,未定,"550,000",,,,
脳漿炸裂ガール,未定,"550,000",,,,
魔導師は平凡を望む,未定,"550,000",233,,,
非オタの彼女が俺の持ってるエロゲに興味津々なんだが……,未定,"550,000",,,,
魔拳のデイドリーマー,未定,"550,000",,,,
物語の中の人,未定,"530,000",,,,
異世界でカフェを開店しました。,未定,"530,000",,,,
スープ屋しずくの謎解き朝ごはん,未定,"520,000",,,,
君にさよならを言わない,未定,"520,000",,,,
冒険者になりたいと都に出て行った娘がSランクになってた,未定,"500,000",115,,,
うちの娘の為ならば、俺はもしかしたら魔王も倒せるかもしれない 。,1期放送済,"500,000",219,,,
地味で目立たない私は、今日で終わりにします。,未定,"500,000",222,,,
おっさん冒険者ケインの善行,未定,"500,000",252,,,
新米オッサン冒険者、最強パーティに死ぬほど鍛えられて無敵になる。,未定,"500,000",,,,
魔弾の王と凍漣の雪姫,未定,"500,000",,,,
その劣等騎士、レベル999,未定,"500,000",,,,
千剣の魔術師と呼ばれた剣士,未定,"500,000",,,,
大公妃候補だけど、堅実に行こうと思います,未定,"500,000",,,,
ツンデレ悪役令嬢リーゼロッテと実況の遠藤くんと解説の小林さん,1期決定(2023年1月),"500,000",,,,
引きこもり令嬢は話のわかる聖獣番,未定,"500,000",,,,
裏切られたSランク冒険者の俺は、愛する奴隷の彼女らと共に奴隷だけのハーレムギルドを作る,未定,"500,000",,,,
100人の英雄を育てた最強預言者は、冒険者になっても世界中の弟子から慕われてます,未定,"500,000",,,,
オーダーは探偵に,未定,"500,000",,,,
どうやら私の身体は完全無敵のようですね,未定,"500,000",,,,
最後の医者は桜を見上げて君を想う,未定,"500,000",,,,
剣士を目指して入学したのに魔法適性9999なんですけど!?,未定,"500,000",,,,
か「」く「」し「」ご「」と「,未定,"500,000",,,,
青くて痛くて脆い,未定,"500,000",,,,
異世界で『黒の癒し手』って呼ばれています,未定,"500,000",,,,
魔王の始め方,未定,"500,000",,,,
桜花忍法帖　バジリスク,1期放送済,"500,000",,,,
最強の職業は勇者でも賢者でもなく鑑定士（仮）らしいですよ？,未定,"500,000",,,,
裏世界ピクニック,1期放送済,"500,000",,,,
5人の王,未定,"500,000",,,,
レジェンド,未定,"500,000",45,,,
公爵令嬢の嗜み,未定,"500,000",37,,,
世界の終わりの世界録,未定,"500,000",,,,
自称Fランクのお兄さまがゲームで評価される学園の頂点に君臨するそうですよ？,未定,"500,000",,,,
白の皇国物語,未定,"500,000",,,,
元最強の剣士は、異世界魔法に憧れる,未定,"500,000",,,,
友達の妹が俺にだけウザい,1期決定（放送日未定）,"500,000",,,,
覇剣の皇姫アルティーナ,未定,"500,000",,,,
異能バトルは日常系のなかで,1期放送済,"500,000",,,,
スーパーカブ,1期放送済,"500,000",,,,
田中～年齢イコール彼女いない歴の魔法使い～,未定,"500,000",,,,
メイドから母になりました,未定,"490,000",,,,
絶対に働きたくないダンジョンマスターが惰眠をむさぼるまで,未定,"460,000",104,,,
【修復】スキルが万能チート化したので、武器屋でも開こうかと思います,未定,"460,000",280,,,
一億年ボタンを連打した俺は、気付いたら最強になっていた～落第剣士の学院無双～,未定,"450,000",26,,,
冒険家になろう！スキルボードでダンジョン攻略,未定,"450,000",193,,,
妃教育から逃げたい私,未定,"450,000",,,,
JKハルは異世界で娼婦になった,未定,"450,000",,,,
今日から俺はロリのヒモ！,未定,"450,000",,,,
＜Infinite Dendrogram＞-インフィニット・デンドログラム-,1期放送済,"440,000",159,,,
戦慄の魔術師と五帝獣,未定,"440,000",,,,
マグダラで眠れ,未定,"430,000",,,,
生活魔術師シリーズ,未定,"420,000",,,,
コンビニたそがれ堂,未定,"420,000",,,,
蛟堂報復録,未定,"410,000",,,,
不遇職とバカにされましたが、実際はそれほど悪くありません？,未定,"410,000",,,,
転生王女は今日も旗を叩き折る。,未定,"400,000",58,,,
転生幼女はあきらめない,未定,"400,000",142,,,
アラフォー男の異世界通販生活,未定,"400,000",237,,,
今夜、世界からこの恋が消えても,未定,"400,000",,,,
奴隷転生　～その奴隷、最強の元王子につき～,未定,"400,000",,,,
ガベージブレイブ　【異世界に召喚され捨てられた勇者の復讐物語】,未定,"400,000",,,,
悪役令嬢、セシリア・シルビィは死にたくないので男装することにした。,未定,"400,000",,,,
魔道祖師,2期放送済,"400,000",,,,
パーティーから追放されたその治癒師、実は最強につき,2024年10月,"400,000",,,,
ガチャを回して仲間を増やす　最強の美少女軍団を作り上げろ,未定,"400,000",,,,
君に恋をするなんて、ありえないはずだった,未定,"400,000",,,,
追い出された万能職に新しい人生が始まりました,未定,"400,000",,,,
最後の秘境 東京藝大 天才たちのカオスな日常,未定,"400,000",,,,
最強の種族が人間だった件,未定,"400,000",,,,
金椛国春秋シリーズ,未定,"400,000",,,,
お待ちしてます　下町和菓子 栗丸堂,未定,"400,000",,,,
VIPシリーズ,未定,"400,000",,,,
グランクレスト戦記,1期放送済,"400,000",,,,
厨病激発ボーイ,1期放送済,"400,000",,,,
「夜が明けたら、いちばんに君に会いにいく」シリーズ,未定,"400,000",,,,
平兵士は過去を夢見る,未定,"400,000",,,,
駆除人,未定,"400,000",136,,,
人狼への転生、魔王の副官,未定,"400,000",88,,,
処刑少女の生きる道,1期放送済,"400,000",,,,
サイレント・ウィッチ,未定,"400,000",157,,,
交換ウソ日記,未定,"390,000",,,,
ゆるふわ農家の文字化けスキル,未定,"380,000",,,,
博多豚骨ラーメンズ,1期放送済,"370,000",,,,
落ちこぼれ[☆1]魔法使いは、今日も無意識にチートを使う,未定,"370,000",,,,
訳あり悪役令嬢は、婚約破棄後の人生を自由に生きる,未定,"360,000",,,,
邪竜転生,未定,"360,000",,,,
令嬢はまったりをご所望。,未定,"360,000",,,,
俺と蛙さんの異世界放浪記,未定,"360,000",,,,
世界最強の後衛　～迷宮国の新人探索者～,未定,"350,000",184,,,
不遇職『鍛冶師』だけど最強です　～気づけば何でも作れるようになっていた男ののんびりスローライフ～,未定,"350,000",217,,,
クロの戦記　異世界転移した僕が最強なのはベッドの上だけのようです,未定,"350,000",238,,,
弱気MAX令嬢なのに、辣腕婚約者様の賭けに乗ってしまった,未定,"350,000",269,,,
拝啓『氷の騎士とはずれ姫』だったわたしたちへ,未定,"350,000",283,,,
二度と家には帰りません！,未定,"350,000",,,,
王立魔法学園の最下生　～貧困街上がりの最強魔法師、貴族だらけの学園で無双する～,未定,"350,000",,,,
美しい彼,未定,"350,000",,,,
余命3000文字,未定,"350,000",,,,
天国までの49日間,未定,"350,000",,,,
起きたら20年後なんですけど！　～悪役令嬢のその後のその後～,未定,"350,000",,,,
遺跡発掘師は笑わない,未定,"350,000",,,,
記憶屋,未定,"350,000",,,,
小説 千本桜,未定,"350,000",,,,
Eランクの薬師,未定,"350,000",,,,
悪役令嬢の兄に転生しました,未定,"350,000",232,,,
メイデーア転生物語,未定,"340,000",,,,
元構造解析研究者の異世界冒険譚,未定,"340,000",,,,
天使の3P!,1期放送済,"340,000",,,,
ダンジョン暮らしの元勇者,未定,"310,000",,,,
復讐を誓った白猫は竜王の膝の上で惰眠をむさぼる,未定,"300,000",128,,,
元、落ちこぼれ公爵令嬢です。,未定,"300,000",133,,,
ずたぼろ令嬢は姉の元婚約者に溺愛される,未定,"300,000",185,,,
不遇職【鑑定士】が実は最強だった　～奈落で鍛えた最強の【神眼】で無双する～,未定,"300,000",,,,
西野　～学内カースト最下位にして異能世界最強の少年～,未定,"300,000",,,,
北欧貴族と猛禽妻の雪国狩り暮らし,未定,"300,000",,,,
リアリスト魔王による聖域なき異世界改革,未定,"300,000",,,,
むかしむかしあるところに、死体がありました。,未定,"300,000",,,,
あの花が咲く丘で、君とまた出会えたら。,未定,"300,000",,,,
ちょっぴり年上でも彼女にしてくれますか？,未定,"300,000",,,,
せっかくチートを貰って異世界に転移したんだから、好きなように生きてみたい,未定,"300,000",,,,
活版印刷三日月堂,未定,"300,000",,,,
さよならピアノソナタ,未定,"300,000",,,,
Free Life Fantasy Online　～人外姫様、始めました～,未定,"300,000",,,,
黒の創造召喚師,未定,"300,000",,,,
ゆきうさぎのお品書き,未定,"300,000",,,,
神眼の勇者,未定,"300,000",,,,
生き残り錬金術師は街で静かに暮らしたい,未定,"300,000",89,,,
錆喰いビスコ,1期放送済,"300,000",,,,
転生令嬢は精霊に愛されて最強です……だけど普通に恋したい！,未定,"300,000",,,,
異世界から聖女が来るようなので、邪魔者は消えようと思います,未定,"290,000",,,,
アルゲートオンライン　～侍が参る異世界道中～,未定,"290,000",,,,
地方騎士ハンスの受難,未定,"290,000",,,,
追放悪役令嬢の旦那様,未定,"280,000",,,,
鬼人幻燈抄,1期決定（放送日未定）,"280,000",,,,
聖女になるので二度目の人生は勝手にさせてもらいます　～王太子は、前世で私を振った恋人でした～,未定,"280,000",,,,
神様に加護2人分貰いました,未定,"270,000",,,,
死に戻り、全てを救うために最強へと至る,未定,"270,000",,,,
ヤンキーは異世界で精霊に愛されます。,未定,"270,000",,,,
絶対城先輩の妖怪学講座,未定,"260,000",,,,
神官シリーズ,未定,"260,000",,,,
勘違いの工房主　英雄パーティの元雑用係が、実は戦闘以外がSSSランクだったというよくある話,未定,"260,000",,,,
ネタキャラ仮プレイのつもりが異世界召喚　～迷い人は女性の敵に認定されました～,未定,"260,000",,,,
異世界帰りの勇者が現代最強！,未定,"260,000",,,,
ダィテス領攻防記,未定,"260,000",,,,
二度転生した少年はＳランク冒険者として平穏に過ごす　～前世が賢者で英雄だったボクは来世では地味に生きる～,未定,"250,000",131,,,
辺境の老騎士,未定,"250,000",199,,,
白豚貴族だったどうしようもない私に前世の記憶が生えた件 ,未定,"250,000",254,,,
痴漢されそうになっているS級美少女を助けたら隣の席の幼馴染だった,未定,"250,000",,,,
遊び人は賢者に転職できるって知ってました？　～勇者パーティを追放されたLv99道化師、【大賢者】になる～,未定,"250,000",,,,
娘じゃなくて私が好きなの!?,未定,"250,000",,,,
暴食妃の剣,未定,"250,000",,,,
生きてさえいれば,未定,"250,000",,,,
十三歳の誕生日、皇后になりました。,未定,"250,000",,,,
満月珈琲店の星詠み,未定,"250,000",,,,
「冬」シリーズ,未定,"250,000",,,,
夜に駆ける YOASOBI小説集,未定,"250,000",,,,
魔法使いで引きこもり？,未定,"250,000",,,,
出雲のあやかしホテルに就職します,未定,"250,000",,,,
おいしいベランダ。,未定,"250,000",,,,
レディローズは平民になりたい,未定,"250,000",,,,
被虐のノエル,未定,"250,000",,,,
天才王子の赤字国家再生術　～そうだ、売国しよう～,1期放送済,"250,000",,,,
Bグループの少年,未定,"250,000",,,,
僕は何度でも、きみに初めての恋をする。,未定,"250,000",,,,
後宮の花は偽りをまとう,未定,"250,000",,,,
東京すみっこごはん,未定,"250,000",,,,
弁当屋さんのおもてなし,未定,"250,000",,,,
一華後宮料理帖,未定,"250,000",,,,
豚のレバーは加熱しろ,1期決定（放送日未定）,"250,000",,,,
鬼の花嫁,未定,"240,000",,,,
勇者様の幼馴染という職業の負けヒロインに転生したので、調合師にジョブチェンジします。,未定,"240,000",,,,
京都伏見のあやかし甘味帖,未定,"240,000",,,,
異世界拷問姫,未定,"240,000",,,,
いい加減な夜食,未定,"240,000",,,,
もふもふと異世界でスローライフを目指します！,未定,"240,000",,,,
ネメシス,未定,"230,000",,,,
転生吸血鬼さんはお昼寝がしたい,未定,"230,000",,,,
超越者となったおっさんはマイペースに異世界を散策する,未定,"230,000",,,,
装備製作系チートで異世界を自由に生きていきます,未定,"220,000",,,,
幻想古書店で珈琲を,未定,"220,000",,,,
初期スキルが便利すぎて異世界生活が楽しすぎる！,未定,"220,000",,,,
屋上のテロリスト,未定,"220,000",,,,
三日間の幸福,未定,"220,000",,,,
京都府警あやかし課の事件簿,未定,"220,000",,,,
いつか、眠りにつく日,未定,"210,000",,,,
極道さんシリーズ,未定,"210,000",,,,
悪役令嬢、ブラコンにジョブチェンジします,未定,"200,000",96,,,
味方が弱すぎて補助魔法に徹していた宮廷魔法師、追放されて最強を目指す,未定,"200,000",140,,,
異世界の貧乏農家に転生したので、レンガを作って城を建てることにしました,未定,"200,000",177,,,
新しいゲーム始めました。～使命もないのに最強です？～,未定,"200,000",200,,,
異世界に落とされた…,未定,"200,000",253,,,
冒険者をクビになったので、錬金術師として出直します！　〜辺境開拓？　よし、俺に任せとけ！,未定,"200,000",265,,,
悪役令嬢の役割は終えました,未定,"200,000",,,,
めっちゃ召喚された件,未定,"200,000",,,,
異世界チート開拓記,未定,"200,000",,,,
呪いの魔剣で高負荷トレーニング!?　～知られちゃいけない仮面の冒険者～,未定,"200,000",,,,
ブラックな騎士団の奴隷がホワイトな冒険者ギルドに引き抜かれてSランクになりました,未定,"200,000",,,,
わたしが恋人になれるわけないじゃん、ムリムリ！（※ムリじゃなかった!?）,未定,"200,000",,,,
再召喚された勇者は一般人として生きていく？,未定,"200,000",,,,
君が落とした青空,未定,"200,000",,,,
昔勇者で今は骨,未定,"200,000",,,,
悪役令嬢ですが攻略対象の様子が異常すぎる,未定,"200,000",,,,
王女殿下はお怒りのようです,未定,"200,000",,,,
レベル1の最強賢者　～呪いで最下級魔法しか使えないけど、神の勘違いで無限の魔力を手に入れ最強に～,未定,"200,000",,,,
総長さま、溺愛中につき長さま,未定,"200,000",,,,
王都の学園に強制連行された最強のドラゴンライダーは超が付くほど田舎者,未定,"200,000",,,,
捨てられた転生賢者　～魔物の森で最強の大魔帝国を作り上げる～,未定,"200,000",,,,
神様たちのお伊勢参り,未定,"200,000",,,,
時給三〇〇円の死神,未定,"200,000",,,,
異世界で手に入れた生産スキルは最強だったようです。　～創造＆器用のWチートで無双する～,未定,"200,000",,,,
異世界でも無難に生きたい症候群,未定,"200,000",,,,
キミと僕の最後の戦場、あるいは世界が始まる聖戦,2期決定（2023年）,"200,000",,,,
鳥居の向こうは、知らない世界でした。,未定,"200,000",,,,
最強の黒騎士、戦闘メイドに転職しました,未定,"200,000",,,,
異世界で失敗しない100の方法,未定,"200,000",,,,
春日坂高校漫画研究部,未定,"200,000",,,,
よるのばけもの,未定,"200,000",,,,
Bad∞End∞Night,未定,"200,000",,,,
桜ノ雨,未定,"200,000",,,,
俺の『鑑定』スキルがチートすぎて　～伝説の勇者を読み〝盗り〟最強へ～,未定,"200,000",,,,
魔剣師の魔剣による魔剣のためのハーレムライフ,未定,"200,000",,,,
鍛冶師ですが何か！,未定,"200,000",,,,
男女の友情は成立する？（いや、しないっ!!）,1期決定（放送日未定）,"200,000",,,,
水属性の魔法使い,未定,"200,000",65,,,
俺はまだ、本気を出していない,未定,"200,000",248,,,
巻き込まれて異世界転移する奴は、大抵チート,未定,"200,000",,,,
三角の距離は限りないゼロ,未定,"200,000",,,,
文句の付けようがないラブコメ,未定,"200,000",,,,
千歳くんはラムネ瓶のなか,未定,"200,000",,,,
奪う者　奪われる者,未定,"200,000",156,,,
教え子に脅迫されるのは犯罪ですか？,未定,"200,000",,,,
コップクラフト,1期放送済,"200,000",,,,
異世界転生に感謝を,未定,"200,000",,,,
異世界を制御魔法で切り開け！,未定,"190,000",,,,
前世は剣帝。今生クズ王子,未定,"190,000",,,,
神に愛された子,未定,"190,000",,,,
桜風堂ものがたり,未定,"180,000",,,,
『僕愛』『君愛』,未定,"180,000",,,,
契約結婚はじめました。　～椿屋敷の偽夫婦～,未定,"180,000",,,,
スピリット・マイグレーション,未定,"180,000",,,,
針子の乙女,未定,"170,000",209,,,
一瞬を生きる君を、僕は永遠に忘れない。,未定,"170,000",,,,
異世界で幼女化したので養女になったり書記官になったりします,未定,"170,000",,,,
ダンジョンシーカー,未定,"170,000",,,,
Bの戦場,未定,"170,000",,,,
崩れる脳を抱きしめて,未定,"160,000",,,,
剣聖の幼馴染がパワハラで俺につらく当たるので、絶縁して辺境で魔剣士として出直すことにした。,未定,"150,000",135,,,
リアデイルの大地にて,1期放送済,"150,000",147,,,
逆行した悪役令嬢は、なぜか魔力を失ったので深窓の令嬢になります,未定,"150,000",207,,,
神の手違いで死んだらチートガン積みで異世界に放り込まれました,未定,"150,000",,,,
無人島でエルフと共同生活,未定,"150,000",,,,
「お前ごときが魔王に勝てると思うな」と勇者パーティを追放されたので、王都で気ままに暮らしたい,未定,"150,000",,,,
記憶喪失の君と、君だけを忘れてしまった僕。,未定,"150,000",,,,
悪役令嬢は夜告鳥をめざす,未定,"150,000",,,,
コンビニ兄弟―テンダネス門司港こがね村店―,未定,"150,000",,,,
忌み子と呼ばれた召喚士,未定,"150,000",,,,
青薔薇姫のやりなおし革命記,未定,"150,000",,,,
レフトハンド・ブラザーフッド,未定,"150,000",,,,
冰剣の魔術師が世界を統べる,1期決定（2023年1月）,"150,000",,,,
死神シリーズ,未定,"150,000",,,,
さよならの言い方なんて知らない。,未定,"150,000",,,,
復讐を希う最強勇者は、闇の力で殲滅無双する,未定,"150,000",,,,
セーブ＆ロードのできる宿屋さん　～カンスト転生者が宿屋で新人育成を始めたようです～,未定,"150,000",,,,
「どこ君」＆「また君」,未定,"150,000",,,,
今度こそ幸せになります！,未定,"150,000",,,,
フリーライフ　～異世界何でも屋奮闘記～,未定,"150,000",,,,
カット＆ペーストでこの世界を生きていく,未定,"150,000",,,,
エクスタス・オンライン,未定,"150,000",,,,
僕は君を殺せない,未定,"150,000",,,,
異世界黙示録マイノグーラ　～破滅の文明で始める世界征服～,未定,"140,000",,,,
美少女になったけど、ネトゲ廃人やってます。,未定,"140,000",,,,
ロメリア戦記　～魔王を倒した後も人類やばそうだから軍隊組織した～,未定,"130,000",,,,
どうしても破滅したくない悪役令嬢が現代兵器を手にした結果がこれです,未定,"130,000",,,,
辺境ぐらしの魔王、転生して最強の魔術師になる,未定,"130,000",,,,
魔界帰りの劣等能力者,未定,"130,000",,,,
クラスが異世界召喚されたなか俺だけ残ったんですが,未定,"130,000",,,,
巻き込まれ召喚!?　そして私は『神』でした??,未定,"130,000",,,,
お人好し職人のぶらり異世界旅,未定,"130,000",,,,
追い出されたら、何かと上手くいきまして,未定,"120,000",,,,
大自然の魔法師アシュト、廃れた領地でスローライフ,未定,"120,000",,,,
余命一年と宣告された僕が、余命半年の君と出会った話,未定,"120,000",,,,
没落令嬢の異国結婚録,未定,"120,000",,,,
冒険に、ついてこないでお母さん！　～超過保護な最強ドラゴンに育てられた息子、母親同伴で冒険者になる～,未定,"120,000",,,,
理想の娘なら世界最強でも可愛がってくれますか？,未定,"120,000",,,,
こいつらの正体が女だと俺だけが知っている,未定,"120,000",,,,
神のダイスを見上げて,未定,"110,000",,,,
死香探偵,未定,"110,000",,,,
レベル596の鍛冶見習い,未定,"110,000",,,,
詰みかけ転生領主の改革,未定,"100,000",151,,,
悪役令嬢後宮物語,未定,"100,000",267,,,
しあわせ食堂の異世界ご飯,未定,"100,000",,,,
後宮の検屍女官,未定,"100,000",,,,
カノジョに浮気されていた俺が、小悪魔な後輩に懐かれています,未定,"100,000",,,,
姉が剣聖で妹が賢者で,未定,"100,000",,,,
元公爵令嬢の就職,未定,"100,000",,,,
龍に恋う　贄の乙女の幸福な身の上,未定,"100,000",,,,
オペラ座の恋人,未定,"100,000",,,,
クラスの大嫌いな女子と結婚することになった。,未定,"100,000",,,,
隣の席になった美少女が惚れさせようとからかってくるがいつの間にか返り討ちにしていた,未定,"100,000",,,,
劣等人の魔剣使い　スキルボードを駆使して最強に至る,未定,"100,000",,,,
人間不信の冒険者たちが世界を救うようです,1期決定（2023年冬）,"100,000",,,,
声優ラジオのウラオモテ,未定,"100,000",,,,
平安あや解き草紙,未定,"100,000",,,,
よろず建物因縁帳,未定,"100,000",,,,
数字で救う！　弱小国家,未定,"100,000",,,,
ライアー・ライアー,1期決定（放送日未定）,"100,000",,,,
この空の上で、いつまでも君を待っている,未定,"100,000",,,,
春夏秋冬代行者　春の舞,未定,"100,000",,,,
世界最速のレベルアップ　～無能スキル【ダンジョン内転移】が覚醒した結果、俺だけダンジョンのルールに縛られず最強になった～,未定,,23,,,
お気楽領主の楽しい領地防衛 〜生産系魔術で名もなき村を最強の城塞都市に〜,未定,,24,,,
元・世界１位のサブキャラ育成日記 ～廃プレイヤー、異世界を攻略中！～,未定,,29,,,
魔術師クノンは見えている,未定,,31,,,
大ハズレだと追放された転生重騎士はゲーム知識で無双する,未定,,34,,,
限界超えの天賦《スキル》は、転生者にしか扱えない　ー　オーバーリミット・スキルホルダー,未定,,35,,,
謙虚、堅実をモットーに生きております！,未定,,36,,,
異世界転移で女神様から祝福を！　～いえ、手持ちの異能があるので結構です～,未定,,40,,,
ブラック魔道具師ギルドを追放された私、王宮魔術師として拾われる　～ホワイトな宮廷で、幸せな新生活を始めます！～,未定,,53,,,
ブサイクで有名な令嬢と婚約した。彼女はとても可愛らしい性格の人だった。　～『ゴブリン令嬢』と蔑まれる令嬢に恋した美貌の令息が彼女を幸せにしようと奮闘する物語～,未定,,56,,,
そのおっさん、異世界で二周目プレイを満喫中,未定,,57,,,
魔王様の街づくり！～最強のダンジョンは近代都市～,未定,,59,,,
落ちこぼれ国を出る〜実は世界で４人目の付与術師だった件について〜,未定,,64,,,
現実世界に現れたガチャに給料全部つぎ込んだら引くほど無双に,未定,,67,,,
ライブダンジョン！,未定,,68,,,
五年間働いていた治療師ギルドを不当解雇された“最弱”な俺。生きるために超有能スキルで‟最強”を目指します,未定,,69,,,
真実の愛を見つけたと言われて婚約破棄されたので、復縁を迫られても今さらもう遅いです！,未定,,72,,,
異世界のんびり素材採取生活,未定,,74,,,
難攻不落の魔王城へようこそ～デバフは不要と勇者パーティーを追い出された黒魔導士、魔王軍の最高幹部に迎えられる～,未定,,75,,,
信者ゼロの女神サマと始める異世界攻略,未定,,76,,,
黒鳶の聖者　〜追放された回復術士は、有り余る魔力で闇魔法を極める〜,未定,,77,,,
進化の実～知らないうちに勝ち組人生～,2期決定（2023年1月）,,78,,,
Ｄジェネシス　ダンジョンができて３年,未定,,79,,,
出遅れテイマーのその日ぐらし,未定,,80,,,
転生したらドラゴンの卵だった～最強以外目指さねぇ～,未定,,81,,,
町人Aは悪役令嬢をどうしても救いたい,未定,,87,,,
万能「村づくり」チートでお手軽スローライフ　～村ですが何か？～,未定,,91,,,
おい、外れスキルだと思われていた《チートコード操作》が化け物すぎるんだが。　〜実家を追放され、世間からも無能と蔑まれていたが、幼馴染の皇女からめちゃくちゃ溺愛されるうえにスローライフが楽しすぎる〜,未定,,92,,,
一瞬で治療していたのに、何もしてないとパーティを追放された天才治癒師～今さら戻ってこいと言われても、闇ヒーラーとして楽しくやっているので治療は高額になるけどおたくら払えますか？～,未定,,94,,,
反逆のソウルイーター　～弱者は不要といわれて剣聖（父）に追放されました～,未定,,95,,,
狼は眠らない,未定,,101,,,
追放されたお荷物テイマー、世界唯一のネクロマンサーに覚醒する　〜ありあまるその力で自由を謳歌していたらいつの間にか最強に〜,未定,,103,,,
王都の外れの錬金術師 ～ハズレ職業だったので、のんびりお店経営します～,未定,,107,,,
栽培チートで最強菜園　～え、ただの家庭菜園ですけど？～,未定,,109,,,
俺の死亡フラグが留まるところを知らない,未定,,112,,,
(´・ω・`)最強勇者はお払い箱→魔王になったらずっと俺の無双ターン,未定,,113,,,
世界最強の努力家〜才能が【努力】だったので効率良く規格外の努力をしてみる〜,未定,,114,,,
転生してハイエルフになりましたが、スローライフは120年で飽きました,未定,,116,,,
黒の魔王,未定,,118,,,
経験値貯蓄でのんびり傷心旅行～勇者と恋人に追放された戦士の無自覚ざまぁ～,未定,,121,,,
最果てのパラディン,2期決定(放送日未定),,123,,,
禁断師弟でブレイクスルー～勇者の息子が魔王の弟子で何が悪い～,未定,,124,,,
無能才女は悪女になりたい～義妹の身代わりで嫁いだ令嬢、公爵様の溺愛に気づかない～,未定,,125,,,
特級探索師への覚醒　～蜥蜴の尻尾切りに遭った青年は、地獄の王と成り無双する～,未定,,127,,,
弱小領地の生存戦略！　～俺の領地が何度繰り返しても滅亡するんだけど。これ、どうしたら助かりますか？～,未定,,134,,,
10年ごしの引きニートを辞めて外出したら自宅ごと異世界に転移してた,未定,,144,,,
転生先で捨てられたので、もふもふ達とお料理します　　　～お飾り王妃はマイペースに最強です～,未定,,145,,,
察知されない最強職《ルール・ブレイカー》,未定,,148,,,
失格から始める成り上がり魔導師道！～呪文開発ときどき戦記～,未定,,150,,,
甘く優しい世界で生きるには,未定,,152,,,
ハンネローレの貴族院五年生,未定,,155,,,
魔王と勇者の戦いの裏で　～ゲーム世界に転生したけど友人の勇者が魔王討伐に旅立ったあとの国内お留守番（内政と防衛戦）が俺のお仕事です～,未定,,158,,,
異世界で土地を買って農場を作ろう,未定,,160,,,
転生先が少女漫画の白豚令嬢だった,未定,,161,,,
婚約者に裏切られたので、子爵令嬢から王妃付き侍女にジョブチェンジしてみた,未定,,163,,,
無職の英雄　～別にスキルなんか要らなかったんだが～,未定,,165,,,
用務員さんは勇者じゃありませんので,未定,,166,,,
やり直し令嬢は竜帝陛下を攻略中,未定,,167,,,
S級ギルドを追放されたけど、実は俺だけドラゴンの言葉がわかるので、気付いたときには竜騎士の頂点を極めてました。,未定,,168,,,
Ａランクパーティを離脱した俺は、元教え子たちと迷宮深部を目指す。,未定,,169,,,
異世界転移、地雷付き。,未定,,170,,,
無口な公爵令嬢と冷徹な皇帝～前世拾った子供が皇帝になっていました～,未定,,174,,,
メイドなら当然です。　-　濡れ衣を着せられた万能メイドさんは旅に出ることにしました,未定,,176,,,
創造錬金術師は自由を謳歌する　-故郷を追放されたら、魔王のお膝元で超絶効果のマジックアイテム作り放題になりました-,1期放送済,,180,,,
アルマーク ～北の剣、南の杖～,未定,,182,,,
三食昼寝付き生活を約束してください、公爵様,未定,,187,,,
創成魔法の再現者　～『魔法が使えない』と実家を追放された天才少年、魔女の弟子となり正しい方法で全ての魔法を極めます。貴方の魔法は、こうやって使うんですよ？～,未定,,188,,,
俺にはこの暗がりが心地よかった,未定,,190,,,
Ｓランク冒険者パーティーのサポート役をクビになった俺は、念願の錬金術師となりスローライフを送りたい,未定,,191,,,
エロゲ転生　運命に抗う金豚貴族の奮闘記,未定,,196,,,
四度目は嫌な死属性魔術師,未定,,201,,,
俺は冒険者ギルドの悪徳ギルドマスター～無駄な人材を適材適所に追放してるだけなのに、なぜかめちゃくちゃ感謝されている件「なに？今更ギルドに戻ってきたいだと？まだ早い、君はそこで頑張れるはずだ」,未定,,203,,,
僕は婚約破棄なんてしませんからね,未定,,204,,,
かわいいコックさん,未定,,205,,,
魔法使いの婚約者,未定,,208,,,
おっさんはうぜぇぇぇんだよ！ってギルドから追放したくせに、後から復帰要請を出されても遅い。最高の仲間と出会った俺はこっちで最強を目指す！,未定,,210,,,
生き返った冒険者のクエスト攻略生活　自分だけがもらえるスキルポイントで他の誰より強くなる,未定,,211,,,
不死者の弟子～邪神の不興を買って奈落に落とされた俺の英雄譚～,未定,,213,,,
北の砦にて　新しい季節　～転生して、もふもふ子ギツネな雪の精霊になりました～,未定,,215,,,
亡びの国の征服者～魔王は世界を征服するようです～,未定,,216,,,
悪役令嬢の中の人,未定,,218,,,
婚約破棄から始まる悪役令嬢の監獄スローライフ,未定,,220,,,
灰色の勇者は人外道を歩み続ける,未定,,221,,,
植物魔法チートでのんびり領主生活始めます～前世の知識を駆使して農業したら、逆転人生始まった件～,未定,,223,,,
セブンス,未定,,224,,,
魔王になったので、ダンジョン造って人外娘とほのぼのする,未定,,225,,,
勇者様のお師匠様,未定,,226,,,
手札が多めのビクトリア〜元工作員は人生をやり直し中〜,未定,,227,,,
昏き宮殿の死者の王,未定,,229,,,
ダメスキル【自動機能】が覚醒しました〜あれ、ギルドのスカウトの皆さん、俺を「いらない」って言ってませんでした？,未定,,230,,,
転生したら１５歳の王妃でした　〜聖女のチートなんて興味がないし、気ままにおいしいごはんを作ります～,未定,,231,,,
ＴＲＰＧプレイヤーが異世界で最強ビルドを目指す 　～ヘンダーソン氏の福音を～,未定,,234,,,
天才魔術師を弟に持つと人生はこうなる,未定,,235,,,
悪役令嬢レベル99～私は裏ボスですが魔王ではありません～,未定,,236,,,
真の実力はギリギリまで隠していようと思う～無能と蔑まれていた野良神と契約した僕はちょっとだけ本気だす,未定,,241,,,
小国の侯爵令嬢は敵国にて覚醒する,未定,,242,,,
最強呪族転生～チート魔術師のスローライフ～,未定,,243,,,
学園騎士のレベルアップ！　〜　レベル1000超えの転生者、落ちこぼれクラスに入学。そして、,未定,,245,,,
異世界で 上前はねて 生きていく （詠み人知らず） 〜再生魔法使いのゆるふわ人材派遣生活〜,未定,,247,,,
美人の姉が嫌がったのでどう見ても姿絵が白豚の次期伯爵に嫁ぎましたところ,未定,,249,,,
愛さないといわれましても～元魔王の伯爵令嬢は生真面目軍人に餌付けをされて幸せになる,未定,,251,,,
超難関ダンジョンで10万年修行した結果、世界最強に～最弱無能の下剋上～（旧最弱で迫害までされていたけど、超難関迷宮で10万年修行した結果、強くなりすぎて敵がいなくなった）,未定,,255,,,
異世界建国記,未定,,256,,,
報われなかった村人A、貴族に拾われて溺愛される上に、実は持っていた伝説級の神スキルも覚醒した,未定,,258,,,
ドロップ！！　～香りの令嬢物語～,未定,,259,,,
王太子に婚約破棄されたので、もうバカのふりはやめようと思います,未定,,260,,,
サモナーさんが行く,未定,,261,,,
俺の前世の知識で底辺職テイマーが上級職になってしまいそうな件,未定,,262,,,
ハズレスキル『ガチャ』で追放された俺は、わがまま幼馴染を絶縁し覚醒する　～万能チートスキルをゲットして、目指せ楽々最強スローライフ！～,未定,,264,,,
完璧すぎて可愛げがないと婚約破棄された聖女は隣国に売られる,未定,,266,,,
わたし、聖女じゃありませんから,未定,,268,,,
スキル『台所召喚』はすごい！～異世界でごはん作ってポイントためます～,未定,,271,,,
お見合いしたくなかったので、無理難題な条件をつけたら同級生が来た件について,未定,,272,,,
狼領主のお嬢様,未定,,273,,,
関係改善をあきらめて距離をおいたら、塩対応だった婚約者が絡んでくるようになりました,未定,,274,,,
シャバの「普通」は難しい,未定,,275,,,
身体は児童、中身はおっさんの成り上がり冒険記,未定,,276,,,
義妹が聖女だからと婚約破棄されましたが、私は妖精の愛し子です,未定,,277,,,
嫌われ妻は、英雄将軍と離婚したい！いきなり帰ってきて溺愛なんて信じません。,未定,,278,,,
転生したら悪役令嬢だったので引きニートになります,未定,,281,,,
精霊達の楽園と理想の異世界生活,未定,,282,,,
勇者の裏で暗躍していた最強のエージェント、組織が解体されたので、正体隠して人並みの日常を謳歌する,未定,,284,,,
ハズレ判定から始まったチート魔術士生活,未定,,285,,,
【世界最強の執事】ブラック職場を追放された俺、氷の令嬢に拾われる　～生活魔法を駆使して無双していたら、幸せな暮らしが始まりました～,未定,,288,,,
濁る瞳で何を願う　ハイセルク戦記,未定,,289,,,
主人公じゃない！,未定,,290,,,
育成スキルはもういらないと勇者パーティを解雇されたので、退職金がわりにもらった【領地】を強くしてみる,未定,,291,,,
【翻訳】の才能で俺だけが世界を改変できる件 〜ハズレ才能【翻訳】で気付けば世界最強になってました〜,未定,,292,,,
乙女ゲーのモブですらないんだが,未定,,293,,,
勇者パーティを追い出された器用貧乏～パーティ事情で付与術士をやっていた剣士、万能へと至る～【Web版】,未定,,294,,,
村づくりゲームのＮＰＣが生身の人間としか思えない,未定,,297,,,
異世界迷宮の最深部を目指そう,未定,,298,,,
器用貧乏、城を建てる　～開拓学園の劣等生なのに、上級職のスキルと魔法がすべて使えます～,未定,,299,,,
最強陰陽師の異世界転生記　～下僕の妖怪どもに比べてモンスターが弱すぎるんだが～,未定,,300,,,
